{
    "name": "scene",
    "objects": [
        {
            "type": "MESH",
            "name": "平面",
            "transform": {
                "translation": [
                    0.0,
                    0.0,
                    0.0
                ],
                "rotation": [
                    -90.00000762939453,
                    0.0,
                    0.0
                ],
                "scaling": [
                    100.0,
                    30.0,
                    30.0
                ]
            },
            "file_name": "ground",
            "move_points": {
                "point_1": [
                    200.0,
                    -7.639999866485596,
                    10.0
                ],
                "point_2": [
                    100.0,
                    35.56999969482422,
                    10.0
                ],
                "point_3": [
                    -100.0,
                    -40.0,
                    20.0
                ],
                "point_4": [
                    -200.0,
                    55.019996643066406,
                    50.0
                ],
                "point_5": [
                    -300.0,
                    0.0,
                    100.0
                ]
            }
        },
        {
            "type": "MESH",
            "name": "平面.001",
            "transform": {
                "translation": [
                    0.0,
                    -48.41908264160156,
                    21.814699172973633
                ],
                "rotation": [
                    -140.3000030517578,
                    -0.0,
                    0.0
                ],
                "scaling": [
                    100.0,
                    30.0,
                    30.0
                ]
            },
            "file_name": "ground",
            "move_points": {
                "point_1": [
                    -300.0,
                    -6.190001487731934,
                    99.88999938964844
                ],
                "point_2": [
                    -200.0,
                    46.649993896484375,
                    36.959999084472656
                ],
                "point_3": [
                    -100.0,
                    -32.51000213623047,
                    22.099998474121094
                ],
                "point_4": [
                    100.0,
                    37.5,
                    32.880001068115234
                ],
                "point_5": [
                    200.0,
                    10.320001602172852,
                    16.8799991607666
                ]
            }
        },
        {
            "type": "MESH",
            "name": "平面.002",
            "transform": {
                "translation": [
                    0.0,
                    48.61802291870117,
                    21.814699172973633
                ],
                "rotation": [
                    -41.60002136230469,
                    0.0,
                    0.0
                ],
                "scaling": [
                    100.0,
                    30.0,
                    30.0
                ]
            },
            "file_name": "ground",
            "move_points": {
                "point_1": [
                    -300.0,
                    8.400005340576172,
                    89.0300064086914
                ],
                "point_2": [
                    -200.0,
                    -29.56999969482422,
                    85.83999633789062
                ],
                "point_3": [
                    -100.0,
                    74.66000366210938,
                    30.010000228881836
                ],
                "point_4": [
                    100.0,
                    -35.959999084472656,
                    -8.479999542236328
                ],
                "point_5": [
                    200.0,
                    1.6200008392333984,
                    19.760000228881836
                ]
            }
        },
        {
            "type": "MESH",
            "name": "平面.003",
            "transform": {
                "translation": [
                    -182.43675231933594,
                    0.0,
                    30.020540237426758
                ],
                "rotation": [
                    -71.00001525878906,
                    -1.965955789273721e-06,
                    90.0
                ],
                "scaling": [
                    100.0,
                    30.0,
                    400.0
                ]
            },
            "file_name": "ground"
        },
        {
            "type": "MESH",
            "name": "Sphere",
            "transform": {
                "translation": [
                    0.0,
                    0.0,
                    0.0
                ],
                "rotation": [
                    -9.334668902738485e-06,
                    0.0,
                    0.0
                ],
                "scaling": [
                    826.674072265625,
                    826.674072265625,
                    826.674072265625
                ]
            },
            "file_name": "skybox"
        }
    ]
}