{
    "name": "scene",
    "objects": [
        {
            "type": "MESH",
            "name": "Icosphere.029",
            "transform": {
                "translation": [
                    529.6052856445312,
                    5.603767395019531,
                    39.911930084228516
                ],
                "rotation": [
                    0.0,
                    -0.0,
                    0.0
                ],
                "scaling": [
                    0.018461231142282486,
                    0.018461231142282486,
                    0.018461231142282486
                ]
            },
            "file_name": "fbxTest",
            "move_points": {
                "point_1": [
                    529.0,
                    5.0,
                    46.0
                ],
                "point_2": [
                    400.0,
                    12.949999809265137,
                    -17.899999618530273
                ],
                "point_3": [
                    0.0,
                    -9.149999618530273,
                    0.0
                ],
                "point_4": [
                    -400.0,
                    7.450000762939453,
                    0.0
                ],
                "point_5": [
                    -550.0,
                    -7.159999847412109,
                    0.0
                ]
            }
        },
        {
            "type": "MESH",
            "name": "Icosphere.030",
            "transform": {
                "translation": [
                    529.6052856445312,
                    14.41038990020752,
                    46.31279754638672
                ],
                "rotation": [
                    0.0,
                    -0.0,
                    0.0
                ],
                "scaling": [
                    0.018461231142282486,
                    0.018461231142282486,
                    0.018461231142282486
                ]
            },
            "file_name": "fbxTest",
            "move_points": {
                "point_1": [
                    529.0,
                    14.0,
                    46.0
                ],
                "point_2": [
                    400.0,
                    15.920000076293945,
                    -17.899999618530273
                ],
                "point_3": [
                    0.0,
                    8.90999984741211,
                    0.0
                ],
                "point_4": [
                    -400.0,
                    12.420000076293945,
                    0.0
                ],
                "point_5": [
                    -550.0,
                    -10.269999504089355,
                    0.0
                ]
            }
        },
        {
            "type": "MESH",
            "name": "Icosphere.031",
            "transform": {
                "translation": [
                    529.6052856445312,
                    -2.0906078815460205,
                    39.911930084228516
                ],
                "rotation": [
                    0.0,
                    -0.0,
                    0.0
                ],
                "scaling": [
                    0.018461231142282486,
                    0.018461231142282486,
                    0.018461231142282486
                ]
            },
            "file_name": "fbxTest",
            "move_points": {
                "point_1": [
                    529.0,
                    -2.4800000190734863,
                    46.0
                ],
                "point_2": [
                    400.0,
                    -12.710000038146973,
                    -17.899999618530273
                ],
                "point_3": [
                    0.0,
                    11.549999237060547,
                    0.0
                ],
                "point_4": [
                    -400.0,
                    14.700000762939453,
                    0.0
                ],
                "point_5": [
                    -550.0,
                    -7.960000038146973,
                    0.0
                ]
            }
        },
        {
            "type": "MESH",
            "name": "Icosphere.001",
            "transform": {
                "translation": [
                    529.6052856445312,
                    14.41038990020752,
                    39.911930084228516
                ],
                "rotation": [
                    0.0,
                    -0.0,
                    0.0
                ],
                "scaling": [
                    0.018461231142282486,
                    0.018461231142282486,
                    0.018461231142282486
                ]
            },
            "file_name": "fbxTest",
            "move_points": {
                "point_1": [
                    529.0,
                    14.0,
                    46.0
                ],
                "point_2": [
                    400.0,
                    15.920000076293945,
                    -17.899999618530273
                ],
                "point_3": [
                    0.0,
                    8.90999984741211,
                    0.0
                ],
                "point_4": [
                    -400.0,
                    12.420000076293945,
                    0.0
                ],
                "point_5": [
                    -550.0,
                    -10.269999504089355,
                    0.0
                ]
            }
        },
        {
            "type": "MESH",
            "name": "Icosphere.002",
            "transform": {
                "translation": [
                    529.6052856445312,
                    14.41038990020752,
                    52.8264274597168
                ],
                "rotation": [
                    0.0,
                    -0.0,
                    0.0
                ],
                "scaling": [
                    0.018461231142282486,
                    0.018461231142282486,
                    0.018461231142282486
                ]
            },
            "file_name": "fbxTest",
            "move_points": {
                "point_1": [
                    529.0,
                    14.0,
                    59.0
                ],
                "point_2": [
                    400.0,
                    15.920000076293945,
                    31.809999465942383
                ],
                "point_3": [
                    0.0,
                    8.90999984741211,
                    33.70000076293945
                ],
                "point_4": [
                    -400.0,
                    12.420000076293945,
                    31.26999855041504
                ],
                "point_5": [
                    -550.0,
                    -10.269999504089355,
                    42.16999816894531
                ]
            }
        },
        {
            "type": "MESH",
            "name": "Icosphere.003",
            "transform": {
                "translation": [
                    529.6052856445312,
                    5.603767395019531,
                    52.66166305541992
                ],
                "rotation": [
                    0.0,
                    -0.0,
                    0.0
                ],
                "scaling": [
                    0.018461231142282486,
                    0.018461231142282486,
                    0.018461231142282486
                ]
            },
            "file_name": "fbxTest",
            "move_points": {
                "point_1": [
                    529.0,
                    5.0,
                    59.0
                ],
                "point_2": [
                    400.0,
                    12.949999809265137,
                    19.23000144958496
                ],